{
    "persubject": " [(0.836879, 0.492857), (0.683099, 0.567376), (0.875912, 0.514706), (0.741379, 0.589286), (0.911111, 0.609929), (0.824074, 0.457944), (0.921429, 0.518248), (0.955224, 0.503650), (0.784615, 0.500000)]",
    "avgTest": 0.8370802222222222,
    "avgUntrained": 0.5282217777777778
}