{
    "run_0": {
        "nb_frozen_blocks_2": {
            "1": 0.8142857142857143,
            "2": 0.5450236966824644,
            "3": 0.8097560975609757,
            "4": 0.7314285714285714,
            "5": 0.7294685990338164,
            "6": 0.5987654320987654,
            "7": 0.7488151658767772,
            "8": 0.8571428571428571,
            "9": 0.6683417085427136
        },
        "nb_frozen_blocks_1": {
            "1": 0.7904761904761904,
            "2": 0.5308056872037915,
            "3": 0.7804878048780488,
            "4": 0.6914285714285714,
            "5": 0.714975845410628,
            "6": 0.5925925925925926,
            "7": 0.7203791469194313,
            "8": 0.8472906403940886,
            "9": 0.7336683417085427
        }
    },
    "run_1": {
        "nb_frozen_blocks_2": {
            "1": 0.8238095238095238,
            "2": 0.5355450236966824,
            "3": 0.8097560975609757,
            "4": 0.7257142857142858,
            "5": 0.6811594202898551,
            "6": 0.6049382716049383,
            "7": 0.7109004739336493,
            "8": 0.8620689655172413,
            "9": 0.7085427135678392
        },
        "nb_frozen_blocks_1": {
            "1": 0.819047619047619,
            "2": 0.4976303317535545,
            "3": 0.7853658536585366,
            "4": 0.7314285714285714,
            "5": 0.7198067632850241,
            "6": 0.5987654320987654,
            "7": 0.7109004739336493,
            "8": 0.8522167487684729,
            "9": 0.7487437185929648
        }
    },
    "run_2": {
        "nb_frozen_blocks_2": {
            "1": 0.8047619047619048,
            "2": 0.5545023696682464,
            "3": 0.8,
            "4": 0.72,
            "5": 0.6956521739130435,
            "6": 0.5987654320987654,
            "7": 0.7298578199052133,
            "8": 0.8325123152709359,
            "9": 0.7336683417085427
        },
        "nb_frozen_blocks_1": {
            "1": 0.8428571428571429,
            "2": 0.6113744075829384,
            "3": 0.8097560975609757,
            "4": 0.7085714285714285,
            "5": 0.7294685990338164,
            "6": 0.5679012345679012,
            "7": 0.6966824644549763,
            "8": 0.8620689655172413,
            "9": 0.7487437185929648
        }
    },
    "run_3": {
        "nb_frozen_blocks_2": {
            "1": 0.8714285714285714,
            "2": 0.4928909952606635,
            "3": 0.8195121951219512,
            "4": 0.72,
            "5": 0.6859903381642513,
            "6": 0.5679012345679012,
            "7": 0.6824644549763034,
            "8": 0.7980295566502463,
            "9": 0.7286432160804021
        },
        "nb_frozen_blocks_1": {
            "1": 0.8714285714285714,
            "2": 0.5545023696682464,
            "3": 0.8048780487804879,
            "4": 0.6914285714285714,
            "5": 0.7439613526570048,
            "6": 0.6111111111111112,
            "7": 0.7345971563981043,
            "8": 0.8374384236453202,
            "9": 0.7487437185929648
        }
    },
    "run_4": {
        "nb_frozen_blocks_2": {
            "1": 0.8380952380952381,
            "2": 0.5308056872037915,
            "3": 0.775609756097561,
            "4": 0.6914285714285714,
            "5": 0.714975845410628,
            "6": 0.5493827160493827,
            "7": 0.6966824644549763,
            "8": 0.8522167487684729,
            "9": 0.7336683417085427
        },
        "nb_frozen_blocks_1": {
            "1": 0.8428571428571429,
            "2": 0.5308056872037915,
            "3": 0.8097560975609757,
            "4": 0.6742857142857143,
            "5": 0.714975845410628,
            "6": 0.5987654320987654,
            "7": 0.7251184834123223,
            "8": 0.8275862068965517,
            "9": 0.7386934673366834
        }
    },
    "run_5": {
        "nb_frozen_blocks_2": {
            "1": 0.8428571428571429,
            "2": 0.5497630331753555,
            "3": 0.7804878048780488,
            "4": 0.7485714285714286,
            "5": 0.7101449275362319,
            "6": 0.5555555555555556,
            "7": 0.7109004739336493,
            "8": 0.8522167487684729,
            "9": 0.7336683417085427
        },
        "nb_frozen_blocks_1": {
            "1": 0.8857142857142857,
            "2": 0.5687203791469194,
            "3": 0.8,
            "4": 0.7028571428571428,
            "5": 0.7053140096618358,
            "6": 0.5555555555555556,
            "7": 0.7440758293838863,
            "8": 0.8374384236453202,
            "9": 0.7336683417085427
        }
    },
    "run_6": {
        "nb_frozen_blocks_2": {
            "1": 0.8523809523809524,
            "2": 0.5829383886255924,
            "3": 0.7902439024390244,
            "4": 0.7314285714285714,
            "5": 0.6956521739130435,
            "6": 0.6049382716049383,
            "7": 0.6872037914691943,
            "8": 0.8226600985221675,
            "9": 0.7236180904522613
        },
        "nb_frozen_blocks_1": {
            "1": 0.8428571428571429,
            "2": 0.5497630331753555,
            "3": 0.8146341463414634,
            "4": 0.68,
            "5": 0.714975845410628,
            "6": 0.6234567901234568,
            "7": 0.6919431279620853,
            "8": 0.8374384236453202,
            "9": 0.7135678391959799
        }
    },
    "run_7": {
        "nb_frozen_blocks_2": {
            "1": 0.8428571428571429,
            "2": 0.5450236966824644,
            "3": 0.824390243902439,
            "4": 0.7314285714285714,
            "5": 0.6859903381642513,
            "6": 0.5679012345679012,
            "7": 0.6919431279620853,
            "8": 0.812807881773399,
            "9": 0.6984924623115578
        },
        "nb_frozen_blocks_1": {
            "1": 0.819047619047619,
            "2": 0.5355450236966824,
            "3": 0.7902439024390244,
            "4": 0.7028571428571428,
            "5": 0.7101449275362319,
            "6": 0.5679012345679012,
            "7": 0.7109004739336493,
            "8": 0.8029556650246306,
            "9": 0.7336683417085427
        }
    },
    "run_8": {
        "nb_frozen_blocks_2": {
            "1": 0.8380952380952381,
            "2": 0.5355450236966824,
            "3": 0.7902439024390244,
            "4": 0.7142857142857143,
            "5": 0.7053140096618358,
            "6": 0.5864197530864198,
            "7": 0.7156398104265402,
            "8": 0.8472906403940886,
            "9": 0.7135678391959799
        },
        "nb_frozen_blocks_1": {
            "1": 0.8761904761904762,
            "2": 0.5497630331753555,
            "3": 0.8146341463414634,
            "4": 0.7314285714285714,
            "5": 0.6908212560386473,
            "6": 0.6049382716049383,
            "7": 0.6872037914691943,
            "8": 0.8177339901477833,
            "9": 0.7336683417085427
        }
    },
    "run_9": {
        "nb_frozen_blocks_2": {
            "1": 0.8285714285714286,
            "2": 0.5450236966824644,
            "3": 0.7951219512195122,
            "4": 0.6971428571428572,
            "5": 0.6714975845410628,
            "6": 0.5679012345679012,
            "7": 0.7014218009478673,
            "8": 0.812807881773399,
            "9": 0.7236180904522613
        },
        "nb_frozen_blocks_1": {
            "1": 0.8380952380952381,
            "2": 0.5308056872037915,
            "3": 0.8097560975609757,
            "4": 0.6971428571428572,
            "5": 0.6956521739130435,
            "6": 0.5617283950617284,
            "7": 0.6729857819905213,
            "8": 0.8571428571428571,
            "9": 0.7336683417085427
        }
    }
}