{
    "run_0": {
        "1": 0.780952380952381,
        "2": 0.5118483412322274,
        "3": 0.7609756097560976,
        "4": 0.6857142857142857,
        "5": 0.5845410628019324,
        "6": 0.5617283950617284,
        "7": 0.6208530805687204,
        "8": 0.812807881773399,
        "9": 0.6331658291457286
    },
    "run_1": {
        "1": 0.7285714285714285,
        "2": 0.4786729857819905,
        "3": 0.7170731707317073,
        "4": 0.6914285714285714,
        "5": 0.6231884057971014,
        "6": 0.5308641975308642,
        "7": 0.6540284360189573,
        "8": 0.8571428571428571,
        "9": 0.6180904522613065
    },
    "run_2": {
        "1": 0.7571428571428571,
        "2": 0.5118483412322274,
        "3": 0.697560975609756,
        "4": 0.72,
        "5": 0.4106280193236715,
        "6": 0.5555555555555556,
        "7": 0.6445497630331753,
        "8": 0.8078817733990148,
        "9": 0.6834170854271356
    },
    "run_3": {
        "1": 0.780952380952381,
        "2": 0.5402843601895735,
        "3": 0.7219512195121951,
        "4": 0.7314285714285714,
        "5": 0.6135265700483091,
        "6": 0.5679012345679012,
        "7": 0.6492890995260664,
        "8": 0.8029556650246306,
        "9": 0.628140703517588
    },
    "run_4": {
        "1": 0.7714285714285715,
        "2": 0.5355450236966824,
        "3": 0.7024390243902439,
        "4": 0.6914285714285714,
        "5": 0.4492753623188406,
        "6": 0.5864197530864198,
        "7": 0.6540284360189573,
        "8": 0.8226600985221675,
        "9": 0.6180904522613065
    },
    "run_5": {
        "1": 0.7857142857142857,
        "2": 0.4928909952606635,
        "3": 0.7219512195121951,
        "4": 0.7542857142857143,
        "5": 0.6376811594202898,
        "6": 0.5864197530864198,
        "7": 0.6872037914691943,
        "8": 0.7783251231527094,
        "9": 0.6180904522613065
    },
    "run_6": {
        "1": 0.780952380952381,
        "2": 0.5118483412322274,
        "3": 0.7804878048780488,
        "4": 0.7028571428571428,
        "5": 0.6086956521739131,
        "6": 0.5617283950617284,
        "7": 0.6208530805687204,
        "8": 0.812807881773399,
        "9": 0.6683417085427136
    },
    "run_7": {
        "1": 0.7428571428571429,
        "2": 0.4786729857819905,
        "3": 0.7317073170731707,
        "4": 0.7142857142857143,
        "5": 0.6135265700483091,
        "6": 0.5679012345679012,
        "7": 0.6492890995260664,
        "8": 0.8275862068965517,
        "9": 0.6733668341708543
    },
    "run_8": {
        "1": 0.7952380952380952,
        "2": 0.5545023696682464,
        "3": 0.7609756097560976,
        "4": 0.7428571428571429,
        "5": 0.4396135265700483,
        "6": 0.5802469135802469,
        "7": 0.6208530805687204,
        "8": 0.8029556650246306,
        "9": 0.6331658291457286
    },
    "run_9": {
        "1": 0.7476190476190476,
        "2": 0.5023696682464455,
        "3": 0.751219512195122,
        "4": 0.6857142857142857,
        "5": 0.6231884057971014,
        "6": 0.5308641975308642,
        "7": 0.6303317535545023,
        "8": 0.8275862068965517,
        "9": 0.6683417085427136
    }
}