{
    "subject-adaptive": {
        "subject_1": {
            "k_0": 0.6133333333333333,
            "k_1": 0.6044444444444445,
            "k_2": 0.5688888888888888,
            "k_3": 0.6711111111111112
        },
        "subject_2": {
            "k_0": 0.6222222222222222,
            "k_1": 0.6044444444444445,
            "k_2": 0.7822222222222222,
            "k_3": 0.6222222222222221
        },
        "subject_3": {
            "k_0": 0.6399999999999999,
            "k_1": 0.7022222222222222,
            "k_2": 0.7244444444444444,
            "k_3": 0.7288888888888889
        },
        "subject_4": {
            "k_0": 0.9022222222222223,
            "k_1": 0.8622222222222222,
            "k_2": 0.7066666666666667,
            "k_3": 0.8444444444444443
        },
        "subject_5": {
            "k_0": 0.5155555555555555,
            "k_1": 0.5599999999999999,
            "k_2": 0.671111111111111,
            "k_3": 0.6355555555555555
        }
    },
    "subject-independent": {
        "subject_1": {
            "k_0": 0.4666666666666667,
            "k_1": 0.4255555555555556,
            "k_2": 0.4311111111111111,
            "k_3": 0.44333333333333336
        },
        "subject_2": {
            "k_0": 0.5677777777777777,
            "k_1": 0.5644444444444445,
            "k_2": 0.5611111111111111,
            "k_3": 0.5688888888888888
        },
        "subject_3": {
            "k_0": 0.45555555555555555,
            "k_1": 0.44222222222222224,
            "k_2": 0.4522222222222222,
            "k_3": 0.4344444444444445
        },
        "subject_4": {
            "k_0": 0.6988888888888888,
            "k_1": 0.6844444444444445,
            "k_2": 0.7033333333333334,
            "k_3": 0.6944444444444444
        },
        "subject_5": {
            "k_0": 0.48555555555555563,
            "k_1": 0.4955555555555556,
            "k_2": 0.4922222222222222,
            "k_3": 0.4666666666666667
        }
    },
    "subject-dependent": {
        "subject_1": {
            "k_0": 0.5303703703703704,
            "k_1": 0.38814814814814813,
            "k_2": 0.5170370370370371,
            "k_3": 0.5081481481481482
        },
        "subject_2": {
            "k_0": 0.7777777777777777,
            "k_1": 0.6977777777777778,
            "k_2": 0.7333333333333334,
            "k_3": 0.7422222222222222
        },
        "subject_3": {
            "k_0": 0.6044444444444446,
            "k_1": 0.7333333333333334,
            "k_2": 0.7955555555555556,
            "k_3": 0.7733333333333332
        },
        "subject_4": {
            "k_0": 0.8622222222222222,
            "k_1": 0.888888888888889,
            "k_2": 0.831111111111111,
            "k_3": 0.9199999999999999
        },
        "subject_5": {
            "k_0": 0.5511111111111111,
            "k_1": 0.5066666666666666,
            "k_2": 0.591111111111111,
            "k_3": 0.6266666666666667
        }
    }
}