{
    "run_0": {
        "naive-finetuning": {
            "1": 0.8476190476190476,
            "2": 0.5450236966824644,
            "3": 0.7853658536585366,
            "4": 0.6742857142857143,
            "5": 0.7246376811594203,
            "6": 0.6111111111111112,
            "7": 0.6777251184834123,
            "8": 0.8078817733990148,
            "9": 0.7185929648241206
        },
        "all_subjects": {
            "1": 0.7666666666666667,
            "2": 0.4976303317535545,
            "3": 0.7609756097560976,
            "4": 0.64,
            "5": 0.6328502415458938,
            "6": 0.5555555555555556,
            "7": 0.6966824644549763,
            "8": 0.8078817733990148,
            "9": 0.6381909547738693
        },
        "individual": {
            "1": 0.8285714285714286,
            "2": 0.44549763033175355,
            "3": 0.7609756097560976,
            "4": 0.5085714285714286,
            "5": 0.6135265700483091,
            "6": 0.5679012345679012,
            "7": 0.6777251184834123,
            "8": 0.6108374384236454,
            "9": 0.6030150753768844
        }
    },
    "run_1": {
        "naive-finetuning": {
            "1": 0.8761904761904762,
            "2": 0.5213270142180095,
            "3": 0.7951219512195122,
            "4": 0.5657142857142857,
            "5": 0.748792270531401,
            "6": 0.5493827160493827,
            "7": 0.6919431279620853,
            "8": 0.8275862068965517,
            "9": 0.7336683417085427
        },
        "all_subjects": {
            "1": 0.7523809523809524,
            "2": 0.5165876777251185,
            "3": 0.775609756097561,
            "4": 0.6857142857142857,
            "5": 0.6280193236714976,
            "6": 0.5740740740740741,
            "7": 0.6635071090047393,
            "8": 0.8226600985221675,
            "9": 0.6482412060301508
        },
        "individual": {
            "1": 0.8571428571428571,
            "2": 0.44075829383886256,
            "3": 0.751219512195122,
            "4": 0.52,
            "5": 0.6328502415458938,
            "6": 0.6111111111111112,
            "7": 0.6729857819905213,
            "8": 0.6403940886699507,
            "9": 0.6633165829145728
        }
    },
    "run_2": {
        "naive-finetuning": {
            "1": 0.9238095238095239,
            "2": 0.5402843601895735,
            "3": 0.8195121951219512,
            "4": 0.6171428571428571,
            "5": 0.7198067632850241,
            "6": 0.5925925925925926,
            "7": 0.6919431279620853,
            "8": 0.8275862068965517,
            "9": 0.7236180904522613
        },
        "all_subjects": {
            "1": 0.7904761904761904,
            "2": 0.5118483412322274,
            "3": 0.7170731707317073,
            "4": 0.6457142857142857,
            "5": 0.6086956521739131,
            "6": 0.5864197530864198,
            "7": 0.6777251184834123,
            "8": 0.7881773399014779,
            "9": 0.6984924623115578
        },
        "individual": {
            "1": 0.8523809523809524,
            "2": 0.46445497630331756,
            "3": 0.7609756097560976,
            "4": 0.52,
            "5": 0.6086956521739131,
            "6": 0.5617283950617284,
            "7": 0.7535545023696683,
            "8": 0.8029556650246306,
            "9": 0.6733668341708543
        }
    },
    "run_3": {
        "naive-finetuning": {
            "1": 0.8809523809523809,
            "2": 0.5355450236966824,
            "3": 0.8341463414634146,
            "4": 0.68,
            "5": 0.7342995169082126,
            "6": 0.5679012345679012,
            "7": 0.7156398104265402,
            "8": 0.7832512315270936,
            "9": 0.6884422110552764
        },
        "all_subjects": {
            "1": 0.7571428571428571,
            "2": 0.4881516587677725,
            "3": 0.7560975609756098,
            "4": 0.6971428571428572,
            "5": 0.6666666666666666,
            "6": 0.5802469135802469,
            "7": 0.7061611374407583,
            "8": 0.8078817733990148,
            "9": 0.6381909547738693
        },
        "individual": {
            "1": 0.861904761904762,
            "2": 0.4312796208530806,
            "3": 0.7951219512195122,
            "4": 0.5314285714285715,
            "5": 0.6666666666666666,
            "6": 0.5925925925925926,
            "7": 0.6966824644549763,
            "8": 0.7192118226600985,
            "9": 0.7135678391959799
        }
    },
    "run_4": {
        "naive-finetuning": {
            "1": 0.8761904761904762,
            "2": 0.5118483412322274,
            "3": 0.8292682926829268,
            "4": 0.68,
            "5": 0.7053140096618358,
            "6": 0.6049382716049383,
            "7": 0.7203791469194313,
            "8": 0.8078817733990148,
            "9": 0.7035175879396985
        },
        "all_subjects": {
            "1": 0.7857142857142857,
            "2": 0.5545023696682464,
            "3": 0.775609756097561,
            "4": 0.68,
            "5": 0.6038647342995169,
            "6": 0.5864197530864198,
            "7": 0.6635071090047393,
            "8": 0.8374384236453202,
            "9": 0.678391959798995
        },
        "individual": {
            "1": 0.8285714285714286,
            "2": 0.43601895734597157,
            "3": 0.697560975609756,
            "4": 0.49714285714285716,
            "5": 0.6714975845410628,
            "6": 0.5308641975308642,
            "7": 0.6824644549763034,
            "8": 0.7733990147783252,
            "9": 0.6231155778894473
        }
    },
    "run_5": {
        "naive-finetuning": {
            "1": 0.919047619047619,
            "2": 0.5213270142180095,
            "3": 0.7951219512195122,
            "4": 0.68,
            "5": 0.714975845410628,
            "6": 0.5864197530864198,
            "7": 0.7109004739336493,
            "8": 0.812807881773399,
            "9": 0.6984924623115578
        },
        "all_subjects": {
            "1": 0.7714285714285715,
            "2": 0.5781990521327014,
            "3": 0.7463414634146341,
            "4": 0.68,
            "5": 0.6328502415458938,
            "6": 0.5864197530864198,
            "7": 0.6824644549763034,
            "8": 0.812807881773399,
            "9": 0.6381909547738693
        },
        "individual": {
            "1": 0.8333333333333334,
            "2": 0.44075829383886256,
            "3": 0.7219512195121951,
            "4": 0.4742857142857143,
            "5": 0.6714975845410628,
            "6": 0.5493827160493827,
            "7": 0.7156398104265402,
            "8": 0.6206896551724138,
            "9": 0.628140703517588
        }
    },
    "run_6": {
        "naive-finetuning": {
            "1": 0.8714285714285714,
            "2": 0.5213270142180095,
            "3": 0.8536585365853658,
            "4": 0.7085714285714285,
            "5": 0.7584541062801933,
            "6": 0.5864197530864198,
            "7": 0.7014218009478673,
            "8": 0.812807881773399,
            "9": 0.7336683417085427
        },
        "all_subjects": {
            "1": 0.7761904761904762,
            "2": 0.5497630331753555,
            "3": 0.7317073170731707,
            "4": 0.7257142857142858,
            "5": 0.642512077294686,
            "6": 0.5555555555555556,
            "7": 0.6682464454976303,
            "8": 0.8078817733990148,
            "9": 0.6482412060301508
        },
        "individual": {
            "1": 0.8523809523809524,
            "2": 0.46919431279620855,
            "3": 0.775609756097561,
            "4": 0.5314285714285715,
            "5": 0.6763285024154589,
            "6": 0.6358024691358025,
            "7": 0.7014218009478673,
            "8": 0.6009852216748769,
            "9": 0.678391959798995
        }
    },
    "run_7": {
        "naive-finetuning": {
            "1": 0.8857142857142857,
            "2": 0.5450236966824644,
            "3": 0.7902439024390244,
            "4": 0.6685714285714286,