{
    "avg": 0.6346241260634786,
    "accs": [
        [
            0.8714285714285714,
            0.8155339805825242,
            0.44549763033175355,
            0.4603960396039604,
            0.7609756097560976,
            0.7635467980295566,
            0.6285714285714286,
            0.6020408163265306,
            0.4251207729468599,
            0.4461538461538462,
            0.5185185185185185,
            0.5432098765432098,
            0.6872037914691943,
            0.735,
            0.7586206896551724,
            0.7142857142857143,
            0.6582914572864321,
            0.5310734463276836
        ],
        [
            0.8714285714285714,
            0.8009708737864077,
            0.46919431279620855,
            0.5099009900990099,
            0.7658536585365854,
            0.7783251231527094,
            0.6628571428571428,
            0.5816326530612245,
            0.3961352657004831,
            0.4717948717948718,
            0.5370370370370371,
            0.5246913580246914,
            0.6682464454976303,
            0.75,
            0.7586206896551724,
            0.7193877551020408,
            0.6884422110552764,
            0.536723163841808
        ],
        [
            0.8761904761904762,
            0.8106796116504854,
            0.41706161137440756,
            0.5,
            0.7268292682926829,
            0.7832512315270936,
            0.6514285714285715,
            0.5714285714285714,
            0.4251207729468599,
            0.47692307692307695,
            0.49382716049382713,
            0.5123456790123457,
            0.6824644549763034,
            0.755,
            0.7586206896551724,
            0.6836734693877551,
            0.6633165829145728,
            0.5706214689265536
        ],
        [
            0.8809523809523809,
            0.8349514563106796,
            0.46919431279620855,
            0.47029702970297027,
            0.7609756097560976,
            0.7536945812807881,
            0.6571428571428571,
            0.5714285714285714,
            0.4444444444444444,
            0.4358974358974359,
            0.5246913580246914,
            0.5123456790123457,
            0.6872037914691943,
            0.75,
            0.7733990147783252,
            0.7091836734693877,
            0.7035175879396985,
            0.4689265536723164
        ],
        [
            0.8714285714285714,
            0.7961165048543689,
            0.4928909952606635,
            0.48514851485148514,
            0.7463414634146341,
            0.7733990147783252,
            0.68,
            0.5969387755102041,
            0.391304347826087,
            0.48205128205128206,
            0.5,
            0.5,
            0.6919431279620853,
            0.765,
            0.7733990147783252,
            0.7346938775510204,
            0.6934673366834171,
            0.5310734463276836
        ],
        [
            0.8761904761904762,
            0.8009708737864077,
            0.46445497630331756,
            0.4801980198019802,
            0.7853658536585366,
            0.7881773399014779,
            0.6685714285714286,
            0.5816326530612245,
            0.34782608695652173,
            0.4512820512820513,
            0.4876543209876543,
            0.5246913580246914,
            0.6777251184834123,
            0.745,
            0.7536945812807881,
            0.6989795918367347,
            0.6633165829145728,
            0.5141242937853108
        ],
        [
            0.8904761904761904,
            0.8106796116504854,
            0.47393364928909953,
            0.49504950495049505,
            0.7463414634146341,
            0.8029556650246306,
            0.6628571428571428,
            0.5714285714285714,
            0.3961352657004831,
            0.4564102564102564,
            0.5308641975308642,
            0.5370370370370371,
            0.6872037914691943,
            0.755,
            0.7536945812807881,
            0.7040816326530612,
            0.6683417085427136,
            0.536723163841808
        ],
        [
            0.8809523809523809,
            0.8349514563106796,
            0.43601895734597157,
            0.4504950495049505,
            0.7707317073170732,
            0.7881773399014779,
            0.6571428571428571,
            0.5561224489795918,
            0.40096618357487923,
            0.4666666666666667,
            0.5123456790123457,
            0.4876543209876543,
            0.7109004739336493,
            0.735,
            0.7635467980295566,
            0.7091836734693877,
            0.6884422110552764,
            0.5084745762711864
        ],
        [
            0.9095238095238095,
            0.8009708737864077,
            0.45023696682464454,
            0.48514851485148514,
            0.7414634146341463,
            0.7783251231527094,
            0.6685714285714286,
            0.5969387755102041,
            0.42995169082125606,
            0.4564102564102564,
            0.5,
            0.5370370370370371,
            0.6872037914691943,
            0.77,
            0.7487684729064039,
            0.7142857142857143,
            0.678391959798995,
            0.5480225988700564
        ],
        [
            0.8809523809523809,
            0.8106796116504854,
            0.47393364928909953,
            0.4504950495049505,
            0.7609756097560976,
            0.7931034482758621,
            0.6571428571428571,
            0.5816326530612245,
            0.4251207729468599,
            0.4717948717948718,
            0.4876543209876543,
            0.5123456790123457,
            0.6966824644549763,
            0.745,
            0.7980295566502463,
            0.7040816326530612,
            0.6633165829145728,
            0.5423728813559322
        ]
    ]
}