{
    "LDA": 0.6068284385596284,
    "SVM": 0.6407486363389444
}