{
    "1": {
        "LDA": 0.6057204662827557,
        "SVM": 0.6381247968111257
    },
    "0.05": {
        "LDA": 0.47617159791929925,
        "SVM": 0.5060129271034295
    },
    "0.1": {
        "LDA": 0.5288027958147243,
        "SVM": 0.545714303553524
    },
    "0.2": {
        "LDA": 0.5560184554529893,
        "SVM": 0.5650748606595711
    },
    "0.3": {
        "LDA": 0.5762492730683272,
        "SVM": 0.5857766252866352
    },
    "0.4": {
        "LDA": 0.5795115463894613,
        "SVM": 0.5969788316959229
    },
    "0.5": {
        "LDA": 0.584076038956531,
        "SVM": 0.6018975528899918
    },
    "0.6": {
        "LDA": 0.5913980704819898,
        "SVM": 0.6139863590831758
    },
    "0.7": {
        "LDA": 0.5945613410625685,
        "SVM": 0.6205567992903088
    },
    "0.8": {
        "LDA": 0.6011853695011594,
        "SVM": 0.6283006108713625
    },
    "0.9": {
        "LDA": 0.6016845471908222,
        "SVM": 0.6338218349524071
    },
    "0.95": {
        "LDA": 0.6029681555286487,
        "SVM": 0.6352978358796344
    }
}