{
    "0.05": 0.48497893401800585,
    "0.1": 0.5260544652907081,
    "0.2": 0.5643341291901195,
    "0.3": 0.5930041344524807,
    "0.4": 0.601011118262636,
    "0.5": 0.6092576969594119,
    "0.6": 0.618711249854476,
    "0.7": 0.6180914047039355,
    "0.8": 0.629423523526023,
    "0.9": 0.6293700225495575,
    "0.95": 0.6347953695752088, 
    "1": 0.6324928611524749
}