{"run_0":{"subj_1":{"isReversed_false":{"proportion_0.05":[0.817258883248731,0.8223350253807107,0.7614213197969543,0.766497461928934,0.7868020304568528,0.7614213197969543,0.8324873096446701,0.7360406091370558,0.8477157360406091,0.7055837563451777],"proportion_0.5":[0.875,0.8365384615384616],"proportion_0.2":[0.8674698795180723,0.8493975903614458,0.8433734939759037,0.8493975903614458,0.8132530120481928],"proportion_0.15":[0.8181818181818182,0.8352272727272727,0.8409090909090909,0.8068181818181818,0.8011363636363636,0.7784090909090909,0.8279569892473119,0.7897727272727273],"proportion_0.1":[0.8342245989304813,0.7433155080213903,0.8021390374331551,0.8449197860962567,0.7914438502673797,0.8342245989304813,0.7914438502673797,0.7700534759358288,0.8235294117647058,0.8181818181818182]},"isReversed_true":{"proportion_0.05":[0.6701030927835051,0.634020618556701,0.6804123711340206,0.7783505154639175,0.6185567010309279,0.6443298969072165,0.6185567010309279,0.6855670103092784,0.6804123711340206,0.7474226804123711],"proportion_0.5":[0.7843137254901961,0.7647058823529411],"proportion_0.2":[0.774390243902439,0.7560975609756098,0.7987804878048781,0.7012195121951219,0.7317073170731707],"proportion_0.15":[0.735632183908046,0.7701149425287356,0.6839080459770115,0.7471264367816092,0.735632183908046,0.6896551724137931,0.7444444444444445,0.7413793103448276],"proportion_0.1":[0.6847826086956522,0.7282608695652174,0.75,0.6739130434782609,0.7717391304347826,0.782608695652174,0.7554347826086957,0.7119565217391305,0.6739130434782609,0.7717391304347826]}},"subj_2":{"isReversed_false":{"proportion_0.05":[0.3604060913705584,0.41116751269035534,0.4213197969543147,0.34517766497461927,0.39086294416243655,0.41624365482233505,0.34517766497461927,0.39593908629441626,0.3401015228426396,0.3197969543147208],"proportion_0.5":[0.5,0.4519230769230769],"proportion_0.2":[0.463855421686747,0.4397590361445783,0.3433734939759036,0.42771084337349397,0.41566265060240964],"proportion_0.15":[0.38636363636363635,0.4772727272727273,0.38636363636363635,0.4034090909090909,0.39204545454545453,0.39204545454545453,0.4032258064516129,0.3806818181818182],"proportion_0.1":[0.37967914438502676,0.42245989304812837,0.39037433155080214,0.4117647058823529,0.3582887700534759,0.47058823529411764,0.3582887700534759,0.39572192513368987,0.3422459893048128,0.37967914438502676]},"isReversed_true":{"proportion_0.05":[0.3386243386243386,0.4444444444444444,0.4021164021164021,0.3544973544973545,0.4074074074074074,0.35978835978835977,0.2751322751322751,0.38095238095238093,0.4603174603174603,0.37037037037037035],"proportion_0.5":[0.5151515151515151,0.5252525252525253],"proportion_0.2":[0.4528301886792453,0.389937106918239,0.4528301886792453,0.44025157232704404,0.389937106918239],"proportion_0.15":[0.5088757396449705,0.39644970414201186,0.3905325443786982,0.4319526627218935,0.4378698224852071,0.3905325443786982,0.4482758620689655,0.44970414201183434],"proportion_0.1":[0.37988826815642457,0.39664804469273746,0.43575418994413406,0.4022346368715084,0.3854748603351955,0.4301675977653631,0.40782122905027934,0.441340782122905,0.39664804469273746,0.4134078212290503]}},"subj_3":{"isReversed_false":{"proportion_0.05":[0.5130890052356021,0.5392670157068062,0.5287958115183246,0.5497382198952879,0.49214659685863876,0.49214659685863876,0.5497382198952879,0.5026178010471204,0.45549738219895286,0.5287958115183246],"proportion_0.5":[0.6534653465346535,0.693069306930693],"proportion_0.2":[0.5403726708074534,0.6149068322981367,0.7018633540372671,0.6583850931677019,0.6708074534161491],"proportion_0.15":[0.5555555555555556,0.543859649122807,0.6549707602339181,0.5789473684210527,0.6900584795321637,0.6023391812865497,0.6222222222222222,0.672514619883041],"proportion_0.1":[0.5082872928176796,0.6298342541436464,0.5193370165745856,0.6132596685082873,0.569060773480663,0.5580110497237569,0.6298342541436464,0.5580110497237569,0.5138121546961326,0.6464088397790055]},"isReversed_true":{"proportion_0.05":[0.5502645502645502,0.5343915343915344,0.3862433862433862,0.43386243386243384,0.5343915343915344,0.5925925925925926,0.5185185185185185,0.6402116402116402,0.6402116402116402,0.5238095238095238],"proportion_0.5":[0.7171717171717171,0.7070707070707071],"proportion_0.2":[0.5974842767295597,0.6729559748427673,0.6792452830188679,0.610062893081761,0.5534591194968553],"proportion_0.15":[0.6153846153846154,0.6449704142011834,0.6982248520710059,0.6449704142011834,0.6390532544378699,0.6686390532544378,0.5632183908045977,0.5976331360946746],"proportion_0.1":[0.5139664804469274,0.5139664804469274,0.6312849162011173,0.6256983240223464,0.6312849162011173,0.6815642458100558,0.4748603351955307,0.5698324022346368,0.6256983240223464,0.4860335195530726]}},"subj_4":{"isReversed_false":{"proportion_0.05":[0.48466257668711654,0.5337423312883436,0.49693251533742333,0.4539877300613497,0.5644171779141104,0.5398773006134969,0.4662576687116564,0.4539877300613497,0.5153374233128835,0.49693251533742333],"proportion_0.5":[0.6511627906976745,0.6395348837209303],"proportion_0.2":[0.6861313868613139,0.7007299270072993,0.635036496350365,0.5693430656934306,0.5912408759124088],"proportion_0.15":[0.5958904109589042,0.6232876712328768,0.6506849315068494,0.6095890410958904,0.5616438356164384,0.6301369863013698,0.49333333333333335,0.547945205479452],"proportion_0.1":[0.6233766233766234,0.5844155844155844,0.512987012987013,0.5974025974025974,0.5974025974025974,0.5974025974025974,0.5844155844155844,0.525974025974026,0.6038961038961039,0.474025974025974]},"isReversed_true":{"proportion_0.05":[0.3220338983050847,0.4293785310734463,0.3615819209039548,0.4067796610169492,0.4576271186440678,0.288135593220339,0.3389830508474576,0.3954802259887006,0.3785310734463277,0.4689265536723164],"proportion_0.5":[0.5806451612903226,0.4946236559139785],"proportion_0.2":[0.5167785234899329,0.4429530201342282,0.4966442953020134,0.47651006711409394,0.4966442953020134],"proportion_0.15":[0.5031446540880503,0.4339622641509434,0.44654088050314467,0.5157232704402516,0.4968553459119497,0.48427672955974843,0.5061728395061729,0.4968553459119497],"proportion_0.1":[0.4880952380952381,0.49404761904761907,0.44047619047619047,0.40476190476190477,0.5178571428571429,0.44047619047619047,0.39880952380952384,0.4523809523809524,0.5059523809523809,0.47023809523809523]}},"subj_5":{"isReversed_false":{"proportion_0.05":[0.3010752688172043,0.3817204301075269,0.25806451612903225,0.3655913978494624,0.3709677419354839,0.34408602150537637,0.3978494623655914,0.3602150537634409,0.3817204301075269,0.41397849462365593],"proportion_0.5":[0.4897959183673469,0.41836734693877553],"proportion_0.2":[0.32051282051282054,0.4230769230769231,0.4230769230769231,0.40384615384615385,0.3717948717948718],"proportion_0.15":[0.3132530120481928,0.41566265060240964,0.42168674698795183,0.3674698795180723,0.4036144578313253,0.40963855421686746,0.3390804597701149,0.4036144578313253],"proportion_0.1":[0.32954545454545453,0.3352272727272727,0.3522727272727273,0.39204545454545453,0.375,0.375,0.3977272727272727,0.3977272727272727,0.38636363636363635,0.375]},"isReversed_true":{"proportion_0.05":[0.36666666666666664,0.3888888888888889,0.4,0.4111111111111111,0.4111111111111111,0.35,0.3888888888888889,0.36666666666666664,0.4777777777777778,0.35],"proportion_0.5":[0.4421052631578947,0.45263157894736844],"proportion_0.2":[0.375,0.4276315789473684,0.4407894736842105,0.40789473684210525,0.42105263157894735],"proportion_0.15":[0.37888198757763975,0.4720496894409938,0.39751552795031053,0.43478260869565216,0.391304347826087,0.4409937888198758,0.375,0.32919254658385094],"proportion_0.1":[0.3508771929824561,0.4093567251461988,0.45614035087719296,0.4093567251461988,0.4444444444444444,0.4093567251461988,0.36257309941520466,0.4502923976608187,0.4327485380116959,0.3216374269005848]}},