{"run_0":{"subj_1":{"isReversed_false":0.8428571428571429,"isReversed_true":0.7912621359223301},"subj_2":{"isReversed_false":0.43601895734597157,"isReversed_true":0.46534653465346537},"subj_3":{"isReversed_false":0.7463414634146341,"isReversed_true":0.6650246305418719},"subj_4":{"isReversed_false":0.6628571428571428,"isReversed_true":0.4897959183673469},"subj_5":{"isReversed_false":0.40096618357487923,"isReversed_true":0.46153846153846156},"subj_6":{"isReversed_false":0.46296296296296297,"isReversed_true":0.4506172839506173},"subj_7":{"isReversed_false":0.5545023696682464,"isReversed_true":0.655},"subj_8":{"isReversed_false":0.7192118226600985,"isReversed_true":0.7244897959183674},"subj_9":{"isReversed_false":0.6984924623115578,"isReversed_true":0.480225988700565}},"run_1":{"subj_1":{"isReversed_false":0.819047619047619,"isReversed_true":0.7718446601941747}}}