{"run_0":{"subj_1":{"isReversed_false":{"pretrain_ref_acc":0.8666666666666667,"proportion_0.05":[0.865,0.855,0.855,0.855,0.865,0.865,0.85,0.875,0.875,0.86],"proportion_0.5":[0.8571428571428571,0.819047619047619],"proportion_0.2":[0.8690476190476191,0.8571428571428571,0.8333333333333334,0.8392857142857143,0.8511904761904762],"proportion_0.15":[0.8603351955307262,0.8491620111731844,0.8659217877094972,0.8491620111731844,0.8659217877094972,0.8547486033519553,0.8548387096774194,0.8491620111731844],"proportion_0.1":[0.8677248677248677,0.8624338624338624,0.8465608465608465,0.8783068783068783,0.8518518518518519,0.8677248677248677,0.8624338624338624,0.8518518518518519,0.8624338624338624,0.8571428571428571]},"isReversed_true":{"pretrain_ref_acc":0.7912621359223301,"proportion_0.05":[0.7908163265306123,0.8010204081632653,0.7908163265306123,0.7857142857142857,0.7908163265306123,0.826530612244898,0.7857142857142857,0.8010204081632653,0.8010204081632653,0.7806122448979592],"proportion_0.5":[0.8252427184466019,0.7961165048543689],"proportion_0.2":[0.793939393939394,0.8181818181818182,0.8181818181818182,0.793939393939394,0.8242424242424242],"proportion_0.15":[0.8011363636363636,0.8181818181818182,0.8068181818181818,0.8125,0.7784090909090909,0.8125,0.7944444444444444,0.8068181818181818],"proportion_0.1":[0.8010752688172043,0.7849462365591398,0.8172043010752689,0.7903225806451613,0.7903225806451613,0.8225806451612904,0.7849462365591398,0.7741935483870968,0.8225806451612904,0.7741935483870968]}},"subj_2":{"isReversed_false":{"pretrain_ref_acc":0.4786729857819905,"proportion_0.05":[0.472636815920398,0.46766169154228854,0.46766169154228854,0.4577114427860697,0.48258706467661694,0.47761194029850745,0.48258706467661694,0.48258706467661694,0.4975124378109453,0.4626865671641791],"proportion_0.5":[0.5,0.5094339622641509],"proportion_0.2":[0.44970414201183434,0.4911242603550296,0.47928994082840237,0.4378698224852071,0.5502958579881657],"proportion_0.15":[0.4777777777777778,0.4666666666666667,0.5166666666666667,0.48333333333333334,0.42777777777777776,0.5555555555555556,0.5,0.5111111111111111],"proportion_0.1":[0.4842105263157895,0.4631578947368421,0.4473684210526316,0.49473684210526314,0.4789473684210526,0.4842105263157895,0.4421052631578947,0.48947368421052634,0.5368421052631579,0.49473684210526314]},"isReversed_true":{"pretrain_ref_acc":0.48514851485148514,"proportion_0.05":[0.4739583333333333,0.515625,0.4739583333333333,0.4635416666666667,0.4739583333333333,0.4791666666666667,0.484375,0.484375,0.4583333333333333,0.4635416666666667],"proportion_0.5":[0.4752475247524752,0.504950495049505],"proportion_0.2":[0.4691358024691358,0.48148148148148145,0.4567901234567901,0.43209876543209874,0.5370370370370371],"proportion_0.15":[0.48255813953488375,0.47674418604651164,0.46511627906976744,0.45930232558139533,0.48255813953488375,0.48255813953488375,0.5111111111111111,0.5232558139534884],"proportion_0.1":[0.4835164835164835,0.46703296703296704,0.47802197802197804,0.47802197802197804,0.46703296703296704,0.45604395604395603,0.47802197802197804,0.4230769230769231,0.47802197802197804,0.5274725274725275]}},"subj_3":{"isReversed_false":{"pretrain_ref_acc":0.751219512195122,"proportion_0.05":[0.7487179487179487,0.7538461538461538,0.7794871794871795,0.7692307692307693,0.7948717948717948,0.764102564102564,0.7487179487179487,0.7384615384615385,0.7589743589743589,0.7897435897435897],"proportion_0.5":[0.7281553398058253,0.7864077669902912],"proportion_0.2":[0.7804878048780488,0.7439024390243902,0.7560975609756098,0.7926829268292683,0.7926829268292683],"proportion_0.15":[0.7771428571428571,0.7714285714285715,0.7371428571428571,0.7657142857142857,0.8114285714285714,0.7657142857142857,0.7722222222222223,0.7771428571428571],"proportion_0.1":[0.745945945945946,0.7783783783783784,0.7783783783783784,0.7351351351351352,0.772972972972973,0.7351351351351352,0.8054054054054054,0.7513513513513513,0.8,0.7783783783783784]},"isReversed_true":{"pretrain_ref_acc":0.6798029556650246,"proportion_0.05":[0.7202072538860104,0.6735751295336787,0.6787564766839378,0.689119170984456,0.6735751295336787,0.6839378238341969,0.6994818652849741,0.689119170984456,0.694300518134715,0.6735751295336787],"proportion_0.5":[0.6862745098039216,0.6862745098039216],"proportion_0.2":[0.6809815950920245,0.6932515337423313,0.6871165644171779,0.6748466257668712,0.7055214723926381],"proportion_0.15":[0.6705202312138728,0.6936416184971098,0.7109826589595376,0.6820809248554913,0.6878612716763006,0.7109826589595376,0.7,0.6936416184971098],"proportion_0.1":[0.7103825136612022,0.7103825136612022,0.6666666666666666,0.6994535519125683,0.6994535519125683,0.6939890710382514,0.6666666666666666,0.6994535519125683,0.726775956284153,0.7158469945355191]}},"subj_4":{"isReversed_false":{"pretrain_ref_acc":0.68,"proportion_0.05":[0.6646706586826348,0.6826347305389222,0.6826347305389222,0.6766467065868264,0.6646706586826348,0.6706586826347305,0.6586826347305389,0.6826347305389222,0.6766467065868264,0.6946107784431138],"proportion_0.5":[0.6931818181818182,0.7386363636363636],"proportion_0.2":[0.6857142857142857,0.6857142857142857,0.6714285714285714,0.6857142857142857,0.7],"proportion_0.15":[0.6644295302013423,0.6912751677852349,0.6442953020134228,0.6711409395973155,0.6845637583892618,0.6711409395973155,0.6858974358974359,0.6845637583892618],"proportion_0.1":[0.6645569620253164,0.6962025316455697,0.6708860759493671,0.6772151898734177,0.6708860759493671,0.6772151898734177,0.7215189873417721,0.6835443037974683,0.6835443037974683,0.6772151898734177]},"isReversed_true":{"pretrain_ref_acc":0.5,"proportion_0.05":[0.5080213903743316,0.5026737967914439,0.5133689839572193,0.5187165775401069,0.5347593582887701,0.5080213903743316,0.5187165775401069,0.4919786096256685,0.5026737967914439,0.5187165775401069],"proportion_0.5":[0.6020408163265306,0.5102040816326531],"proportion_0.2":[0.5095541401273885,0.5605095541401274,0.535031847133758,0.49044585987261147,0.5222929936305732],"proportion_0.15":[0.49101796407185627,0.5449101796407185,0.5029940119760479,0.5568862275449101,0.49700598802395207,0.5209580838323353,0.5172413793103449,0.5089820359281437],"proportion_0.1":[0.5084745762711864,0.5028248587570622,0.536723163841808,0.5141242937853108,0.5254237288135594,0.5028248587570622,0.5254237288135594,0.4971751412429379,0.5254237288135594,0.536723163841808]}},"subj_5":{"isReversed_false":{"pretrain_ref_acc":0.41545893719806765,"proportion_0.05":[0.41116751269035534,0.41116751269035534,0.43147208121827413,0.41624365482233505,0.39086294416243655,0.4517766497461929,0.4365482233502538,0.39593908629441626,0.4365482233502538,0.4365482233502538],"proportion_0.5":[0.4230769230769231,0.36538461538461536],"proportion_0.2":[0.4397590361445783,0.39759036144578314,0.40963855421686746,0.39759036144578314,0.4036144578313253],"proportion_0.15":[0.4318181818181818,0.4147727272727273,0.4375,0.3977272727272727,0.3806818181818182,0.42613636363636365,0.3978494623655914,0.42613636363636365],"proportion_0.1":[0.42245989304812837,0.43315508021390375,0.4385026737967914,0.4385026737967914,0.48128342245989303,0.42245989304812837,0.33689839572192515,0.4385026737967914,0.45454545454545453,0.42245989304812837]},"isReversed_true":{"pretrain_ref_acc":0.4307692307692308,"proportion_0.05":[0.45161290322580644,0.46774193548387094,0.3924731182795699,0.40860215053763443,0.4032258064516129,0.489247311827957,0.44623655913978494,0.42473118279569894,0.44623655913978494,0.42473118279569894],"proportion_0.5":[0.5408163265306123,0.40816326530612246],"proportion_0.2":[0.44871794871794873,0.4358974358974359,0.4230769230769231,0.44871794871794873,0.41025641025641024],"proportion_0.15":[0.4397590361445783,0.46987951807228917,0.4578313253012048,0.41566265060240964,0.4397590361445783,0.5,0.41379310344827586,0.43373493975903615],"proportion_0.1":[0.44886363636363635,0.39204545454545453,0.4772727272727273,0.4602272727272727,0.44886363636363635,0.4375,0.4431818181818182,0.4659090909090909,0.4318181818181818,0.4318181818181818]}},