{"run_0":{"subj_1":{"isReversed_false":{"ref_acc":0.8476190476190476,"adaption_acc":0.8333333333333334,"optimal_riemann_ref":0.8333333333333334,"optimal_riemann_ref_breaks":0.819047619047619},"isReversed_true":{"ref_acc":0.8058252427184466,"adaption_acc":0.8058252427184466,"optimal_riemann_ref":0.7961165048543689,"optimal_riemann_ref_breaks":0.7961165048543689}},"subj_2":{"isReversed_false":{"ref_acc":0.45023696682464454,"adaption_acc":0.4549763033175355,"optimal_riemann_ref":0.47393364928909953,"optimal_riemann_ref_breaks":0.46445497630331756},"isReversed_true":{"ref_acc":0.4504950495049505,"adaption_acc":0.45544554455445546,"optimal_riemann_ref":0.45544554455445546,"optimal_riemann_ref_breaks":0.4504950495049505}},"subj_3":{"isReversed_false":{"ref_acc":0.7658536585365854,"adaption_acc":0.7463414634146341,"optimal_riemann_ref":0.751219512195122,"optimal_riemann_ref_breaks":0.6682926829268293},"isReversed_true":{"ref_acc":0.6896551724137931,"adaption_acc":0.729064039408867,"optimal_riemann_ref":0.7389162561576355,"optimal_riemann_ref_breaks":0.6748768472906403}},"subj_4":{"isReversed_false":{"ref_acc":0.6685714285714286,"adaption_acc":0.68,"optimal_riemann_ref":0.6571428571428571,"optimal_riemann_ref_breaks":0.6514285714285715},"isReversed_true":{"ref_acc":0.49489795918367346,"adaption_acc":0.49489795918367346,"optimal_riemann_ref":0.4846938775510204,"optimal_riemann_ref_breaks":0.4642857142857143}},"subj_5":{"isReversed_false":{"ref_acc":0.391304347826087,"adaption_acc":0.4057971014492754,"optimal_riemann_ref":0.43478260869565216,"optimal_riemann_ref_breaks":0.4444444444444444},"isReversed_true":{"ref_acc":0.40512820512820513,"adaption_acc":0.40512820512820513,"optimal_riemann_ref":0.4512820512820513,"optimal_riemann_ref_breaks":0.4512820512820513}},"subj_6":{"isReversed_false":{"ref_acc":0.4876543209876543,"adaption_acc":0.5432098765432098,"optimal_riemann_ref":0.5185185185185185,"optimal_riemann_ref_breaks":0.5246913580246914},"isReversed_true":{"ref_acc":0.5,"adaption_acc":0.5185185185185185,"optimal_riemann_ref":0.5308641975308642,"optimal_riemann_ref_breaks":0.5185185185185185}},"subj_7":{"isReversed_false":{"ref_acc":0.5402843601895735,"adaption_acc":0.6018957345971564,"optimal_riemann_ref":0.6492890995260664,"optimal_riemann_ref_breaks":0.5971563981042654},"isReversed_true":{"ref_acc":0.67,"adaption_acc":0.67,"optimal_riemann_ref":0.69,"optimal_riemann_ref_breaks":0.64}},"subj_8":{"isReversed_false":{"ref_acc":0.6896551724137931,"adaption_acc":0.7192118226600985,"optimal_riemann_ref":0.7536945812807881,"optimal_riemann_ref_breaks":0.7044334975369458},"isReversed_true":{"ref_acc":0.7091836734693877,"adaption_acc":0.7040816326530612,"optimal_riemann_ref":0.6887755102040817,"optimal_riemann_ref_breaks":0.7091836734693877}},"subj_9":{"isReversed_false":{"ref_acc":0.6834170854271356,"adaption_acc":0.7035175879396985,"optimal_riemann_ref":0.6934673366834171,"optimal_riemann_ref_breaks":0.6683417085427136},"isReversed_true":{"ref_acc":0.4576271186440678,"adaption_acc":0.4350282485875706,"optimal_riemann_ref":0.423728813559322,"optimal_riemann_ref_breaks":0.4293785310734463}}},"run_1":{"subj_1":{"isReversed_false":{"ref_acc":0.8428571428571429,"adaption_acc":0.8666666666666667,"optimal_riemann_ref":0.8476190476190476,"optimal_riemann_ref_breaks":0.819047619047619},"isReversed_true":{"ref_acc":0.7912621359223301,"adaption_acc":0.7961165048543689,"optimal_riemann_ref":0.8009708737864077,"optimal_riemann_ref_breaks":0.8009708737864077}},"subj_2":{"isReversed_false":{"ref_acc":0.43601895734597157,"adaption_acc":0.46445497630331756,"optimal_riemann_ref":0.4312796208530806,"optimal_riemann_ref_breaks":0.4312796208530806},"isReversed_true":{"ref_acc":0.4207920792079208,"adaption_acc":0.4603960396039604,"optimal_riemann_ref":0.43564356435643564,"optimal_riemann_ref_breaks":0.44554455445544555}},"subj_3":{"isReversed_false":{"ref_acc":0.7414634146341463,"adaption_acc":0.7414634146341463,"optimal_riemann_ref":0.7268292682926829,"optimal_riemann_ref_breaks":0.6634146341463415},"isReversed_true":{"ref_acc":0.6945812807881774,"adaption_acc":0.7339901477832512,"optimal_riemann_ref":0.7241379310344828,"optimal_riemann_ref_breaks":0.6945812807881774}},"subj_4":{"isReversed_false":{"ref_acc":0.6571428571428571,"adaption_acc":0.6685714285714286,"optimal_riemann_ref":0.6457142857142857,"optimal_riemann_ref_breaks":0.6514285714285715},"isReversed_true":{"ref_acc":0.5051020408163265,"adaption_acc":0.4744897959183674,"optimal_riemann_ref":0.49489795918367346,"optimal_riemann_ref_breaks":0.5102040816326531}},"subj_5":{"isReversed_false":{"ref_acc":0.4106280193236715,"adaption_acc":0.45410628019323673,"optimal_riemann_ref":0.4830917874396135,"optimal_riemann_ref_breaks":0.48792270531400966},"isReversed_true":{"ref_acc":0.517948717948718,"adaption_acc":0.49230769230769234,"optimal_riemann_ref":0.47692307692307695,"optimal_riemann_ref_breaks":0.5333333333333333}},"subj_6":{"isReversed_false":{"ref_acc":0.49382716049382713,"adaption_acc":0.5246913580246914,"optimal_riemann_ref":0.5185185185185185,"optimal_riemann_ref_breaks":0.5246913580246914},"isReversed_true":{"ref_acc":0.49382716049382713,"adaption_acc":0.5061728395061729,"optimal_riemann_ref":0.5061728395061729,"optimal_riemann_ref_breaks":0.5061728395061729}},"subj_7":{"isReversed_false":{"ref_acc":0.5592417061611374,"adaption_acc":0.6208530805687204,"optimal_riemann_ref":0.6208530805687204,"optimal_riemann_ref_breaks":0.5545023696682464},"isReversed_true":{"ref_acc":0.61,"adaption_acc":0.66,"optimal_riemann_ref":0.655,"optimal_riemann_ref_breaks":0.61}},"subj_8":{"isReversed_false":{"ref_acc":0.6798029556650246,"adaption_acc":0.6945812807881774,"optimal_riemann_ref":0.7241379310344828,"optimal_riemann_ref_breaks":0.6995073891625616},"isReversed_true":{"ref_acc":0.7244897959183674,"adaption_acc":0.7142857142857143,"optimal_riemann_ref":0.7091836734693877,"optimal_riemann_ref_breaks":0.6836734693877551}},"subj_9":{"isReversed_false":{"ref_acc":0.6683417085427136,"adaption_acc":0.6633165829145728,"optimal_riemann_ref":0.6633165829145728,"optimal_riemann_ref_breaks":0.6582914572864321},"isReversed_true":{"ref_acc":0.4293785310734463,"adaption_acc":0.4406779661016949,"optimal_riemann_ref":0.4350282485875706,"optimal_riemann_ref_breaks":0.4406779661016949}}},"run_2":{"subj_1":{"isReversed_false":{"ref_acc":0.8238095238095238,"adaption_acc":0.8285714285714286,"optimal_riemann_ref":0.8238095238095238,"optimal_riemann_ref_breaks":0.7857142857142857},"isReversed_true":{"ref_acc":0.7864077669902912,"adaption_acc":0.7864077669902912,"optimal_riemann_ref":0.7912621359223301,"optimal_riemann_ref_breaks":0.7864077669902912}},"subj_2":{"isReversed_false":{"ref_acc":0.47393364928909953,"adaption_acc":0.4786729857819905,"optimal_riemann_ref":0.4834123222748815,"optimal_riemann_ref_breaks":0.4928909952606635},"isReversed_true":{"ref_acc":0.4504950495049505,"adaption_acc":0.4752475247524752,"optimal_riemann_ref":0.46534653465346537,"optimal_riemann_ref_breaks":0.43564356435643564}},"subj_3":{"isReversed_false":{"ref_acc":0.7902439024390244,"adaption_acc":0.8097560975609757,"optimal_riemann_ref":0.775609756097561,"optimal_riemann_ref_breaks":0.7024390243902439},"isReversed_true":{"ref_acc":0.6551724137931034,"adaption_acc":0.7241379310344828,"optimal_riemann_ref":0.7536945812807881,"optimal_riemann_ref_breaks":0.6798029556650246}},"subj_4":{"isReversed_false":{"ref_acc":0.64,"adaption_acc":0.6342857142857142,"optimal_riemann_ref":0.6457142857142857,"optimal_riemann_ref_breaks":0.6457142857142857},"isReversed_true":{"ref_acc":0.47959183673469385,"adaption_acc":0.4846938775510204,"optimal_riemann_ref":0.5,"optimal_riemann_ref_breaks":0.5153061224489796}},"subj_5":{"isReversed_false":{"ref_acc":0.4106280193236715,"adaption_acc":0.4251207729468599,"optimal_riemann_ref":0.45893719806763283,"optimal_riemann_ref_breaks":0.463768115942029},"isReversed_true":{"ref_acc":0.4256410256410256,"adaption_acc":0.4358974358974359,