{
    "run_0": {
        "subj_1": {
            "isReversed_false": 0.8142857142857143,
            "isReversed_true": 0.8009708737864077
        },
        "subj_2": {
            "isReversed_false": 0.4312796208530806,
            "isReversed_true": 0.47029702970297027
        },
        "subj_3": {
            "isReversed_false": 0.8146341463414634,
            "isReversed_true": 0.6650246305418719
        },
        "subj_4": {
            "isReversed_false": 0.68,
            "isReversed_true": 0.4897959183673469
        },
        "subj_5": {
            "isReversed_false": 0.4057971014492754,
            "isReversed_true": 0.441025641025641
        },
        "subj_6": {
            "isReversed_false": 0.5123456790123457,
            "isReversed_true": 0.48148148148148145
        },
        "subj_7": {
            "isReversed_false": 0.5308056872037915,
            "isReversed_true": 0.615
        },
        "subj_8": {
            "isReversed_false": 0.7044334975369458,
            "isReversed_true": 0.6989795918367347
        },
        "subj_9": {
            "isReversed_false": 0.678391959798995,
            "isReversed_true": 0.4858757062146893
        }
    },
    "run_1": {
        "subj_1": {
            "isReversed_false": 0.8476190476190476,
            "isReversed_true": 0.8106796116504854
        },
        "subj_2": {
            "isReversed_false": 0.44075829383886256,
            "isReversed_true": 0.41089108910891087
        },
        "subj_3": {
            "isReversed_false": 0.7853658536585366,
            "isReversed_true": 0.6896551724137931
        },
        "subj_4": {
            "isReversed_false": 0.7085714285714285,
            "isReversed_true": 0.4846938775510204
        },
        "subj_5": {
            "isReversed_false": 0.41545893719806765,
            "isReversed_true": 0.39487179487179486
        },
        "subj_6": {
            "isReversed_false": 0.48148148148148145,
            "isReversed_true": 0.5185185185185185
        },
        "subj_7": {
            "isReversed_false": 0.5450236966824644,
            "isReversed_true": 0.635
        },
        "subj_8": {
            "isReversed_false": 0.7044334975369458,
            "isReversed_true": 0.7091836734693877
        },
        "subj_9": {
            "isReversed_false": 0.6984924623115578,
            "isReversed_true": 0.4350282485875706
        }
    },
    "run_2": {
        "subj_1": {
            "isReversed_false": 0.8523809523809524,
            "isReversed_true": 0.7961165048543689
        },
        "subj_2": {
            "isReversed_false": 0.4218009478672986,
            "isReversed_true": 0.4603960396039604
        },
        "subj_3": {
            "isReversed_false": 0.7951219512195122,
            "isReversed_true": 0.6995073891625616
        },
        "subj_4": {
            "isReversed_false": 0.6914285714285714,
            "isReversed_true": 0.49489795918367346
        },
        "subj_5": {
            "isReversed_false": 0.4057971014492754,
            "isReversed_true": 0.4256410256410256
        },
        "subj_6": {
            "isReversed_false": 0.5308641975308642,
            "isReversed_true": 0.5246913580246914
        },
        "subj_7": {
            "isReversed_false": 0.5071090047393365,
            "isReversed_true": 0.645
        },
        "subj_8": {
            "isReversed_false": 0.6945812807881774,
            "isReversed_true": 0.7346938775510204
        },
        "subj_9": {
            "isReversed_false": 0.6834170854271356,
            "isReversed_true": 0.4689265536723164
        }
    },
    "run_3": {
        "subj_1": {
            "isReversed_false": 0.8428571428571429,
            "isReversed_true": 0.7961165048543689
        },
        "subj_2": {
            "isReversed_false": 0.47393364928909953,
            "isReversed_true": 0.4306930693069307
        },
        "subj_3": {
            "isReversed_false": 0.7707317073170732,
            "isReversed_true": 0.6896551724137931
        },
        "subj_4": {
            "isReversed_false": 0.7085714285714285,
            "isReversed_true": 0.49489795918367346
        },
        "subj_5": {
            "isReversed_false": 0.4106280193236715,
            "isReversed_true": 0.40512820512820513
        },
        "subj_6": {
            "isReversed_false": 0.5432098765432098,
            "isReversed_true": 0.47530864197530864
        },
        "subj_7": {
            "isReversed_false": 0.5308056872037915,
            "isReversed_true": 0.655
        },
        "subj_8": {
            "isReversed_false": 0.7339901477832512,
            "isReversed_true": 0.7040816326530612
        },
        "subj_9": {
            "isReversed_false": 0.6934673366834171,
            "isReversed_true": 0.4406779661016949
        }
    },
    "run_4": {
        "subj_1": {
            "isReversed_false": 0.8333333333333334,
            "isReversed_true": 0.7815533980582524
        },
        "subj_2": {
            "isReversed_false": 0.45023696682464454,
            "isReversed_true": 0.4801980198019802
        },
        "subj_3": {
            "isReversed_false": 0.8097560975609757,
            "isReversed_true": 0.6995073891625616
        },
        "subj_4": {
            "isReversed_false": 0.6571428571428571,
            "isReversed_true": 0.4897959183673469
        },
        "subj_5": {
            "isReversed_false": 0.4057971014492754,
            "isReversed_true": 0.4564102564102564
        },
        "subj_6": {
            "isReversed_false": 0.5123456790123457,
            "isReversed_true": 0.48148148148148145
        },
        "subj_7": {
            "isReversed_false": 0.5450236966824644,
            "isReversed_true": 0.625
        },
        "subj_8": {
            "isReversed_false": 0.7142857142857143,
            "isReversed_true": 0.7040816326530612
        },
        "subj_9": {
            "isReversed_false": 0.6633165829145728,
            "isReversed_true": 0.4745762711864407
        }
    },
    "run_5": {
        "subj_1": {
            "isReversed_false": 0.8523809523809524,
            "isReversed_true": 0.7815533980582524
        },
        "subj_2": {
            "isReversed_false": 0.46445497630331756,
            "isReversed_true": 0.4207920792079208
        },
        "subj_3": {
            "isReversed_false": 0.751219512195122,
            "isReversed_true": 0.7093596059113301
        },
        "subj_4": {
            "isReversed_false": 0.72,
            "isReversed_true": 0.5204081632653061
        },
        "subj_5": {
            "isReversed_false": 0.42995169082125606,
            "isReversed_true": 0.40512820512820513
        },
        "subj_6": {
            "isReversed_false": 0.4876543209876543,
            "isReversed_true": 0.5
        },
        "subj_7": {
            "isReversed_false": 0.5497630331753555,
            "isReversed_true": 0.64
        },
        "subj_8": {
            "isReversed_false": 0.7044334975369458,
            "isReversed_true": 0.7193877551020408
        },
        "subj_9": {
            "isReversed_false": 0.6683417085427136,
            "isReversed_true": 0.4971751412429379
        }
    },
    "run_6": {
        "subj_1": {
            "isReversed_false": 0.8428571428571429,
            "isReversed_true": 0.7912621359223301
        },
        "subj_2": {
            "isReversed_false": 0.45023696682464454,
            "isReversed_true": 0.4405940594059406
        },
        "subj_3": {
            "isReversed_false": 0.8,
            "isReversed_true": 0.6995073891625616
        },
        "subj_4": {
            "isReversed_false": 0.72,
            "isReversed_true": 0.5
        },
        "subj_5": {
            "isReversed_false": 0.41545893719806765,
            "isReversed_true": 0.38974358974358975
        },
        "subj_6": {
            "isReversed_false": 0.5,
            "isReversed_true": 0.5
        },