{
    "run_0": {
        "subj_1": {
            "isReversed_false": {
                "pretrain_ref_acc": 0.8428571428571429,
                "proportion_0.5": [
                    0.780952380952381,
                    0.9047619047619048
                ],
                "proportion_0.2": [
                    0.8273809523809523,
                    0.8214285714285714,
                    0.8333333333333334,
                    0.8214285714285714,
                    0.8630952380952381
                ],
                "proportion_0.15": [
                    0.8212290502793296,
                    0.8156424581005587,
                    0.8156424581005587,
                    0.8268156424581006,
                    0.8044692737430168,
                    0.8491620111731844,
                    0.8279569892473119,
                    0.8212290502793296
                ],
                "proportion_0.1": [
                    0.8253968253968254,
                    0.7936507936507936,
                    0.8306878306878307,
                    0.8201058201058201,
                    0.7671957671957672,
                    0.8412698412698413,
                    0.8148148148148148,
                    0.8148148148148148,
                    0.8518518518518519,
                    0.8095238095238095
                ],
                "proportion_0.05": [
                    0.83,
                    0.82,
                    0.805,
                    0.81,
                    0.83,
                    0.8,
                    0.82,
                    0.83,
                    0.815,
                    0.8
                ]
            },
            "isReversed_true": {
                "pretrain_ref_acc": 0.8252427184466019,
                "proportion_0.5": [
                    0.7766990291262136,
                    0.7961165048543689
                ],
                "proportion_0.2": [
                    0.8,
                    0.8181818181818182,
                    0.8,
                    0.8121212121212121,
                    0.7878787878787878
                ],
                "proportion_0.15": [
                    0.8125,
                    0.8068181818181818,
                    0.8011363636363636,
                    0.7954545454545454,
                    0.8068181818181818,
                    0.8238636363636364,
                    0.7944444444444444,
                    0.7954545454545454
                ],
                "proportion_0.1": [
                    0.8118279569892473,
                    0.7903225806451613,
                    0.8172043010752689,
                    0.7903225806451613,
                    0.7956989247311828,
                    0.7903225806451613,
                    0.8118279569892473,
                    0.7956989247311828,
                    0.8118279569892473,
                    0.7956989247311828
                ],
                "proportion_0.05": [
                    0.8061224489795918,
                    0.8010204081632653,
                    0.8061224489795918,
                    0.7857142857142857,
                    0.8112244897959183,
                    0.8010204081632653,
                    0.7959183673469388,
                    0.7908163265306123,
                    0.8061224489795918,
                    0.7959183673469388
                ]
            }
        },
        "subj_2": {
            "isReversed_false": {
                "pretrain_ref_acc": 0.4597156398104265,
                "proportion_0.5": [
                    0.4716981132075472,
                    0.4716981132075472
                ],
                "proportion_0.2": [
                    0.44970414201183434,
                    0.5088757396449705,
                    0.42011834319526625,
                    0.47928994082840237,
                    0.4911242603550296
                ],
                "proportion_0.15": [
                    0.38333333333333336,
                    0.48333333333333334,
                    0.4666666666666667,
                    0.45,
                    0.48333333333333334,
                    0.49444444444444446,
                    0.46774193548387094,
                    0.43333333333333335
                ],
                "proportion_0.1": [
                    0.4052631578947368,
                    0.4473684210526316,
                    0.4789473684210526,
                    0.4789473684210526,
                    0.45263157894736844,
                    0.4421052631578947,
                    0.4473684210526316,
                    0.4842105263157895,
                    0.4789473684210526,
                    0.43157894736842106
                ],
                "proportion_0.05": [
                    0.417910447761194,
                    0.42786069651741293,
                    0.417910447761194,
                    0.4527363184079602,
                    0.43781094527363185,
                    0.4228855721393035,
                    0.4626865671641791,
                    0.4527363184079602,
                    0.4527363184079602,
                    0.4427860696517413
                ]
            },
            "isReversed_true": {
                "pretrain_ref_acc": 0.4306930693069307,
                "proportion_0.5": [
                    0.4158415841584158,
                    0.5445544554455446
                ],
                "proportion_0.2": [
                    0.4506172839506173,
                    0.42592592592592593,
                    0.43209876543209874,
                    0.5185185185185185,
                    0.4506172839506173
                ],
                "proportion_0.15": [
                    0.46511627906976744,
                    0.45348837209302323,
                    0.43023255813953487,
                    0.45348837209302323,
                    0.48255813953488375,
                    0.436046511627907,
                    0.5055555555555555,
                    0.5
                ],
                "proportion_0.1": [
                    0.45604395604395603,
                    0.46153846153846156,
                    0.43956043956043955,
                    0.4175824175824176,
                    0.41208791208791207,
                    0.44505494505494503,
                    0.46153846153846156,
                    0.47802197802197804,
                    0.43956043956043955,
                    0.4835164835164835
                ],
                "proportion_0.05": [
                    0.4479166666666667,
                    0.4375,
                    0.4270833333333333,
                    0.4739583333333333,
                    0.4322916666666667,
                    0.4322916666666667,
                    0.4166666666666667,
                    0.4270833333333333,
                    0.4270833333333333,
                    0.4322916666666667
                ]
            }
        },
        "subj_3": {
            "isReversed_false": {
                "pretrain_ref_acc": 0.775609756097561,
                "proportion_0.5": [
                    0.7087378640776699,
                    0.7475728155339806
                ],
                "proportion_0.2": [
                    0.6890243902439024,
                    0.7012195121951219,
                    0.6646341463414634,
                    0.75,
                    0.6829268292682927
                ],
                "proportion_0.15": [
                    0.6457142857142857,
                    0.6971428571428572,
                    0.7142857142857143,
                    0.6857142857142857,
                    0.7085714285714285,
                    0.72,
                    0.7,
                    0.7142857142857143
                ],