{
    "0": {
        "fhrr": {
            "accTrainBeforeRetrain": 0.9030612244897959,
            "accTestBeforeRetrain": 0.7142857142857143,
            "retrain_train": [
                0.9438775510204082,
                0.9081632653061225,
                0.9540816326530612,
                0.8979591836734694,
                0.9642857142857143,
                0.8979591836734694,
                0.9336734693877551,
                0.8826530612244898,
                0.8826530612244898,
                0.7755102040816326
            ],
            "retrain_test": [
                0.7142857142857143,
                0.6995073891625616,
                0.6945812807881774,
                0.6945812807881774,
                0.7142857142857143,
                0.6847290640394089,
                0.7438423645320197,
                0.6600985221674877,
                0.729064039408867,
                0.6206896551724138
            ]
        },
        "hrr": {
            "accTrainBeforeRetrain": 0.8010204081632653,
            "accTestBeforeRetrain": 0.7044334975369458,
            "retrain_train": [
                0.8214285714285714,
                0.8367346938775511,
                0.8571428571428571,
                0.8775510204081632,
                0.8928571428571429,
                0.8826530612244898,
                0.9030612244897959,
                0.9081632653061225,
                0.9183673469387755,
                0.9183673469387755
            ],
            "retrain_test": [
                0.7044334975369458,
                0.7093596059113301,
                0.7093596059113301,
                0.7044334975369458,
                0.729064039408867,
                0.7142857142857143,
                0.7142857142857143,
                0.7241379310344828,
                0.7142857142857143,
                0.7093596059113301
            ]
        }
    },
    "1": {
        "fhrr": {
            "accTrainBeforeRetrain": 0.9030612244897959,
            "accTestBeforeRetrain": 0.7044334975369458,
            "retrain_train": [
                0.9591836734693877,
                0.9030612244897959,
                0.9642857142857143,
                0.9081632653061225,
                0.9744897959183674,
                0.9285714285714286,
                0.9897959183673469,
                0.9540816326530612,
                0.9948979591836735,
                0.9642857142857143
            ],
            "retrain_test": [
                0.7093596059113301,
                0.7093596059113301,
                0.7093596059113301,
                0.7142857142857143,
                0.729064039408867,
                0.7241379310344828,
                0.7192118226600985,
                0.6798029556650246,
                0.7093596059113301,
                0.7142857142857143
            ]
        },
        "hrr": {
            "accTrainBeforeRetrain": 0.7857142857142857,
            "accTestBeforeRetrain": 0.6995073891625616,
            "retrain_train": [
                0.8112244897959183,
                0.8316326530612245,
                0.8571428571428571,
                0.8826530612244898,
                0.8826530612244898,
                0.9081632653061225,
                0.9183673469387755,
                0.9387755102040817,
                0.9387755102040817,
                0.9285714285714286
            ],
            "retrain_test": [
                0.7093596059113301,
                0.7044334975369458,
                0.7044334975369458,
                0.7192118226600985,
                0.7192118226600985,
                0.729064039408867,
                0.7093596059113301,
                0.7192118226600985,
                0.7192118226600985,
                0.7142857142857143
            ]
        }
    },
    "2": {
        "fhrr": {
            "accTrainBeforeRetrain": 0.9132653061224489,
            "accTestBeforeRetrain": 0.7044334975369458,
            "retrain_train": [
                0.9642857142857143,
                0.9081632653061225,
                0.9693877551020408,
                0.9132653061224489,
                0.9693877551020408,
                0.9132653061224489,
                0.9795918367346939,
                0.9336734693877551,
                0.9744897959183674,
                0.8979591836734694
            ],
            "retrain_test": [
                0.7093596059113301,
                0.7044334975369458,
                0.6995073891625616,
                0.7044334975369458,
                0.7044334975369458,
                0.7044334975369458,
                0.6995073891625616,
                0.6995073891625616,
                0.6847290640394089,
                0.6748768472906403
            ]
        },
        "hrr": {
            "accTrainBeforeRetrain": 0.7959183673469388,
            "accTestBeforeRetrain": 0.6995073891625616,
            "retrain_train": [
                0.8163265306122449,
                0.8367346938775511,
                0.8724489795918368,
                0.8877551020408163,
                0.8877551020408163,
                0.9183673469387755,
                0.9285714285714286,
                0.923469387755102,
                0.9438775510204082,
                0.9438775510204082
            ],
            "retrain_test": [
                0.7142857142857143,
                0.7093596059113301,
                0.7192118226600985,
                0.7192118226600985,
                0.7192118226600985,
                0.729064039408867,
                0.729064039408867,
                0.7438423645320197,
                0.7438423645320197,
                0.7438423645320197
            ]
        }
    },
    "3": {
        "fhrr": {
            "accTrainBeforeRetrain": 0.8979591836734694,
            "accTestBeforeRetrain": 0.7044334975369458,
            "retrain_train": [
                0.9387755102040817,
                0.9030612244897959,
                0.9642857142857143,
                0.9030612244897959,
                0.9693877551020408,
                0.9183673469387755,
                0.9744897959183674,
                0.9183673469387755,
                0.9489795918367347,
                0.9183673469387755
            ],
            "retrain_test": [
                0.7142857142857143,
                0.7044334975369458,
                0.7093596059113301,
                0.6896551724137931,
                0.7192118226600985,
                0.6945812807881774,
                0.7044334975369458,
                0.6798029556650246,
                0.7339901477832512,
                0.6896551724137931
            ]
        },
        "hrr": {
            "accTrainBeforeRetrain": 0.8061224489795918,
            "accTestBeforeRetrain": 0.7044334975369458,
            "retrain_train": [
                0.826530612244898,
                0.8520408163265306,
                0.8469387755102041,
                0.8724489795918368,
                0.8928571428571429,
                0.8979591836734694,
                0.9183673469387755,
                0.9183673469387755,
                0.9387755102040817,
                0.9438775510204082
            ],
            "retrain_test": [
                0.7044334975369458,
                0.6945812807881774,
                0.6995073891625616,
                0.6945812807881774,
                0.6945812807881774,
                0.6995073891625616,
                0.7192118226600985,
                0.7192118226600985,
                0.7192118226600985,
                0.7192118226600985
            ]
        }
    },
    "4": {
        "fhrr": {
            "accTrainBeforeRetrain": 0.9132653061224489,
            "accTestBeforeRetrain": 0.7192118226600985,