{
    "0": {
        "fhrr": {
            "accTrainBeforeRetrain": 0.5112262521588946,
            "accTestBeforeRetrain": 0.4974761637689288,
            "retrain_train": [
                0.6280944156591824,
                0.6424870466321243,
                0.7029360967184801,
                0.568796776050662,
                0.7150259067357513,
                0.5676453655728267,
                0.6781807714450202,
                0.7380541162924582,
                0.7478411053540587,
                0.7605066206102475,
                0.7345998848589522,
                0.816350028785262,
                0.7656879677605066,
                0.7489925158318941,
                0.796776050662061
            ],
            "retrain_test": [
                0.5030846887268648,
                0.47784632641615254,
                0.4913067863151991,
                0.43409983174425126,
                0.46943353897924844,
                0.4189568143578239,
                0.4699943914750421,
                0.45877734155916994,
                0.4812114413909142,
                0.46102075154234434,
                0.4823331463825014,
                0.485698261357263,
                0.4918676388109927,
                0.46831183398766124,
                0.4918676388109927
            ]
        },
        "hrr": {
            "accTrainBeforeRetrain": 0.4651698330454807,
            "accTestBeforeRetrain": 0.4929893438025799,
            "retrain_train": [
                0.6067933218192285,
                0.6557282671272309,
                0.6183074265975821,
                0.6614853195164075,
                0.6292458261370178,
                0.6367299942429476,
                0.6252158894645942,
                0.6528497409326425,
                0.6280944156591824,
                0.66090961427749,
                0.6050662061024755,
                0.6206102475532528,
                0.597006332757628,
                0.6482440990213011,
                0.6280944156591824
            ],
            "retrain_test": [
                0.5434660684240045,
                0.5468311833987661,
                0.5406618059450364,
                0.5361749859786876,
                0.5479528883903534,
                0.5350532809871004,
                0.5322490185081323,
                0.5126191811553561,
                0.5434660684240045,
                0.5249579360628155,
                0.5283230510375772,
                0.5288839035333707,
                0.5204711160964667,
                0.5361749859786876,
                0.5053280987100393
            ]
        }
    },
    "1": {
        "fhrr": {
            "accTrainBeforeRetrain": 0.5175590097869891,
            "accTestBeforeRetrain": 0.4963544587773416,
            "retrain_train": [
                0.6280944156591824,
                0.6516983304548072,
                0.6637881404720783,
                0.5451928612550374,
                0.7121473805411629,
                0.6827864133563616,
                0.6931491076568796,
                0.796776050662061,
                0.7754749568221071,
                0.8186528497409327,
                0.7484168105929764,
                0.7841105354058722,
                0.7495682210708118,
                0.8054116292458261,
                0.5958549222797928
            ],
            "retrain_test": [
                0.49691531127313515,
                0.5025238362310712,
                0.504206393718452,
                0.4374649467190129,
                0.5008412787436904,
                0.47728547392035897,
                0.4941110487941671,
                0.4868199663488503,
                0.50701065619742,
                0.48850252383623105,
                0.5098149186763881,
                0.4952327537857543,
                0.4845765563656758,
                0.482893998878295,
                0.4570947840717891
            ]
        },
        "hrr": {
            "accTrainBeforeRetrain": 0.46862406447898675,
            "accTestBeforeRetrain": 0.49355019629837354,
            "retrain_train": [
                0.5935521013241221,
                0.6280944156591824,
                0.6459412780656304,
                0.6252158894645942,
                0.6206102475532528,
                0.6200345423143351,
                0.5918249856073691,
                0.6453655728267127,
                0.5797351755900979,
                0.6781807714450202,
                0.6499712147380541,
                0.5987334484743811,
                0.6528497409326425,
                0.6332757628094415,
                0.6355785837651122
            ],
            "retrain_test": [
                0.5423443634324173,
                0.5440269209197981,
                0.538418395961862,
                0.5468311833987661,
                0.5081323611890073,
                0.5294447560291643,
                0.5300056085249579,
                0.5333707234997196,
                0.5154234436343241,
                0.5182277061132922,
                0.5316881660123387,
                0.5182277061132922,
                0.5025238362310712,
                0.5401009534492428,
                0.5423443634324173
            ]
        }
    },
    "2": {
        "fhrr": {
            "accTrainBeforeRetrain": 0.5210132412204951,
            "accTestBeforeRetrain": 0.5030846887268648,
            "retrain_train": [
                0.6027633851468048,
                0.6505469199769718,
                0.5440414507772021,
                0.6482440990213011,
                0.590097869890616,
                0.6367299942429476,
                0.6632124352331606,
                0.7668393782383419,
                0.6706966033390904,
                0.8347725964306275,
                0.687392055267703,
                0.8140472078295913,
                0.7092688543465746,
                0.6822107081174439,
                0.7035118019573978
            ],
            "retrain_test": [
                0.4711160964666293,
                0.48008973639932695,
                0.4380257992148065,
                0.45765563656758274,
                0.4402692091979809,
                0.46606842400448684,
                0.4677509814918676,
                0.4823331463825014,
                0.4677509814918676,
                0.5092540661805945,
                0.4699943914750421,
                0.4913067863151991,
                0.4834548513740886,
                0.4784071789119462,
                0.4655075715086932
            ]
        },
        "hrr": {
            "accTrainBeforeRetrain": 0.46919976971790445,
            "accTestBeforeRetrain": 0.4952327537857543,
            "retrain_train": [
                0.595279217040875,
                0.6753022452504318,
                0.666090961427749,
                0.6373056994818653,
                0.6309729418537708,
                0.6407599309153713,
                0.5929763960852044,
                0.6683937823834197,
                0.6470926885434658,
                0.6206102475532528,
                0.6200345423143351,
                0.6643638457109959,
                0.6206102475532528,
                0.6390328151986183,
                0.5993091537132987
            ],
            "retrain_test": [
                0.5350532809871004,
                0.5535614133482895,
                0.5378575434660684,
                0.5434660684240045,
                0.5210319685922602,
                0.538418395961862,
                0.5255187885586091,
                0.535614133482894,
                0.5243970835670219,
                0.5260796410544027,
                0.5378575434660684,
                0.5126191811553561,
                0.5333707234997196,
                0.5378575434660684,
                0.5255187885586091
            ]
        }
    },
    "3": {
        "fhrr": {
            "accTrainBeforeRetrain": 0.5164075993091537,